{"default_chart_data":{"labels":["Bob","Evan","Jay","Rebecca","Cara","Perry"],"datasets":[{"data":[59.259259259259,49.038461538462,53.409090909091,65.060240963855,100,37.837837837838]}]},"other_chart_data":[[100,100,100,100,0,0],[58.878504672897,48.543689320388,52.873563218391,64.634146341463,100,37.837837837838]]}